word,frequency
order,3048
im,1125
say,998
time,972
tip,924
driver,920
uber,918
food,835
like,792
delivery,780
customer,696
dont,686
make,660
know,570
pay,548
doordash,534
ive,528
app,511
deliver,488
tell,484
restaurant,474
want,466
try,462
use,455
support,425
minute,409
refund,406
didnt,403
door,402
pick,397
hour,383
think,372
wait,366
ask,364
place,364
eats,349
dash,349
cancel,347
work,341
happen,334
day,331
way,331
dasher,327
people,323
leave,320
drive,301
good,300
money,293
offer,288
come,280
